{"cameraMode":{"drawMode":0,"name":"Shaded","section":"Shading Mode"},"sceneLighting":true,"audioPlay":false,"sceneViewState":{"m_AlwaysRefresh":false,"showFog":true,"showSkybox":true,"showFlares":true,"showImageEffects":true,"showParticleSystems":true,"showVisualEffectGraphs":true,"m_FxEnabled":true},"in2DMode":false,"pivot":{"x":-64.62516021728516,"y":124.99668884277344,"z":-85.21268463134766},"rotation":{"x":0.45930084586143496,"y":-0.02262253686785698,"z":0.011023127473890782,"w":0.8873859643936157},"size":16.462278366088868,"orthographic":false}