{"cameraMode":{"drawMode":0,"name":"Shaded","section":"Shading Mode"},"sceneLighting":true,"audioPlay":false,"sceneViewState":{"m_AlwaysRefresh":false,"showFog":true,"showSkybox":true,"showFlares":true,"showImageEffects":true,"showParticleSystems":true,"showVisualEffectGraphs":true,"m_FxEnabled":true},"in2DMode":false,"pivot":{"x":-0.04136765003204346,"y":1.4463826417922974,"z":-2.4582834243774416},"rotation":{"x":-0.2981683909893036,"y":0.13599999248981477,"z":-0.04296371340751648,"w":-0.9438011646270752},"size":2.737616539001465,"orthographic":false}