{"cameraMode":{"drawMode":0,"name":"Shaded","section":"Shading Mode"},"sceneLighting":true,"audioPlay":false,"sceneViewState":{"m_AlwaysRefresh":false,"showFog":true,"showSkybox":true,"showFlares":true,"showImageEffects":true,"showParticleSystems":true,"showVisualEffectGraphs":true,"m_FxEnabled":true},"in2DMode":false,"pivot":{"x":15.92325496673584,"y":48.53963088989258,"z":-26.811708450317384},"rotation":{"x":0.46873942017555239,"y":-0.07340694218873978,"z":0.03863520175218582,"w":0.8789225816726685},"size":4.961757183074951,"orthographic":false}