{"cameraMode":{"drawMode":0,"name":"Shaded","section":"Shading Mode"},"sceneLighting":true,"audioPlay":false,"sceneViewState":{"m_AlwaysRefresh":false,"showFog":true,"showSkybox":true,"showFlares":true,"showImageEffects":true,"showParticleSystems":true,"showVisualEffectGraphs":true,"m_FxEnabled":true},"in2DMode":false,"pivot":{"x":12.829753875732422,"y":37.58856964111328,"z":-25.883041381835939},"rotation":{"x":-0.4498171806335449,"y":0.17070813477039338,"z":-0.08836980909109116,"w":-0.8717688918113709},"size":15.075000762939454,"orthographic":false}