{"cameraMode":{"drawMode":0,"name":"Shaded","section":"Shading Mode"},"sceneLighting":true,"audioPlay":false,"sceneViewState":{"m_AlwaysRefresh":false,"showFog":true,"showSkybox":true,"showFlares":true,"showImageEffects":true,"showParticleSystems":true,"showVisualEffectGraphs":true,"m_FxEnabled":true},"in2DMode":false,"pivot":{"x":-11.928598403930664,"y":92.10808563232422,"z":5.168391227722168},"rotation":{"x":0.5426719784736633,"y":0.014137662947177887,"z":-0.008516862988471985,"w":0.839402973651886},"size":7.837500095367432,"orthographic":false}