{"cameraMode":{"drawMode":0,"name":"Shaded","section":"Shading Mode"},"sceneLighting":true,"audioPlay":false,"sceneViewState":{"m_AlwaysRefresh":false,"showFog":true,"showSkybox":true,"showFlares":true,"showImageEffects":true,"showParticleSystems":true,"showVisualEffectGraphs":true,"m_FxEnabled":true},"in2DMode":false,"pivot":{"x":127.28524017333985,"y":513.9442749023438,"z":5.643980026245117},"rotation":{"x":0.0808161124587059,"y":0.19486410915851594,"z":-0.016112830489873887,"w":0.9773643016815186},"size":166.24339294433595,"orthographic":false}